{"frames":{"Idle_009":{"frame":{"x":0,"y":0,"w":166,"h":133},"rotated":false,"trimmed":false,"spriteSourceSize":{"x":0,"y":0,"w":166,"h":133},"sourceSize":{"w":166,"h":133}},"Idle_010":{"frame":{"x":0,"y":134,"w":166,"h":133},"rotated":false,"trimmed":false,"spriteSourceSize":{"x":0,"y":0,"w":166,"h":133},"sourceSize":{"w":166,"h":133}},"Idle_011":{"frame":{"x":167,"y":0,"w":166,"h":133},"rotated":false,"trimmed":false,"spriteSourceSize":{"x":0,"y":0,"w":166,"h":133},"sourceSize":{"w":166,"h":133}},"Idle_012":{"frame":{"x":167,"y":134,"w":166,"h":133},"rotated":false,"trimmed":false,"spriteSourceSize":{"x":0,"y":0,"w":166,"h":133},"sourceSize":{"w":166,"h":133}},"Idle_013":{"frame":{"x":0,"y":268,"w":166,"h":133},"rotated":false,"trimmed":false,"spriteSourceSize":{"x":0,"y":0,"w":166,"h":133},"sourceSize":{"w":166,"h":133}},"Idle_014":{"frame":{"x":167,"y":268,"w":166,"h":133},"rotated":false,"trimmed":false,"spriteSourceSize":{"x":0,"y":0,"w":166,"h":133},"sourceSize":{"w":166,"h":133}},"Idle_015":{"frame":{"x":334,"y":0,"w":166,"h":133},"rotated":false,"trimmed":false,"spriteSourceSize":{"x":0,"y":0,"w":166,"h":133},"sourceSize":{"w":166,"h":133}},"Idle_016":{"frame":{"x":334,"y":134,"w":166,"h":133},"rotated":false,"trimmed":false,"spriteSourceSize":{"x":0,"y":0,"w":166,"h":133},"sourceSize":{"w":166,"h":133}},"Idle_017":{"frame":{"x":334,"y":268,"w":166,"h":133},"rotated":false,"trimmed":false,"spriteSourceSize":{"x":0,"y":0,"w":166,"h":133},"sourceSize":{"w":166,"h":133}},"Idle_018":{"frame":{"x":0,"y":402,"w":166,"h":133},"rotated":false,"trimmed":false,"spriteSourceSize":{"x":0,"y":0,"w":166,"h":133},"sourceSize":{"w":166,"h":133}},"Idle_019":{"frame":{"x":167,"y":402,"w":166,"h":133},"rotated":false,"trimmed":false,"spriteSourceSize":{"x":0,"y":0,"w":166,"h":133},"sourceSize":{"w":166,"h":133}},"Idle_020":{"frame":{"x":334,"y":402,"w":166,"h":133},"rotated":false,"trimmed":false,"spriteSourceSize":{"x":0,"y":0,"w":166,"h":133},"sourceSize":{"w":166,"h":133}},"Idle_021":{"frame":{"x":501,"y":0,"w":166,"h":133},"rotated":false,"trimmed":false,"spriteSourceSize":{"x":0,"y":0,"w":166,"h":133},"sourceSize":{"w":166,"h":133}},"Idle_022":{"frame":{"x":501,"y":134,"w":166,"h":133},"rotated":false,"trimmed":false,"spriteSourceSize":{"x":0,"y":0,"w":166,"h":133},"sourceSize":{"w":166,"h":133}},"Idle_023":{"frame":{"x":501,"y":268,"w":166,"h":133},"rotated":false,"trimmed":false,"spriteSourceSize":{"x":0,"y":0,"w":166,"h":133},"sourceSize":{"w":166,"h":133}},"Idle_024":{"frame":{"x":501,"y":402,"w":166,"h":133},"rotated":false,"trimmed":false,"spriteSourceSize":{"x":0,"y":0,"w":166,"h":133},"sourceSize":{"w":166,"h":133}},"Idle_025":{"frame":{"x":0,"y":536,"w":166,"h":133},"rotated":false,"trimmed":false,"spriteSourceSize":{"x":0,"y":0,"w":166,"h":133},"sourceSize":{"w":166,"h":133}},"Idle_026":{"frame":{"x":167,"y":536,"w":166,"h":133},"rotated":false,"trimmed":false,"spriteSourceSize":{"x":0,"y":0,"w":166,"h":133},"sourceSize":{"w":166,"h":133}},"Idle_027":{"frame":{"x":334,"y":536,"w":166,"h":133},"rotated":false,"trimmed":false,"spriteSourceSize":{"x":0,"y":0,"w":166,"h":133},"sourceSize":{"w":166,"h":133}},"Idle_028":{"frame":{"x":501,"y":536,"w":166,"h":133},"rotated":false,"trimmed":false,"spriteSourceSize":{"x":0,"y":0,"w":166,"h":133},"sourceSize":{"w":166,"h":133}},"Idle_029":{"frame":{"x":0,"y":670,"w":166,"h":133},"rotated":false,"trimmed":false,"spriteSourceSize":{"x":0,"y":0,"w":166,"h":133},"sourceSize":{"w":166,"h":133}},"Idle_030":{"frame":{"x":167,"y":670,"w":166,"h":133},"rotated":false,"trimmed":false,"spriteSourceSize":{"x":0,"y":0,"w":166,"h":133},"sourceSize":{"w":166,"h":133}},"Idle_031":{"frame":{"x":334,"y":670,"w":166,"h":133},"rotated":false,"trimmed":false,"spriteSourceSize":{"x":0,"y":0,"w":166,"h":133},"sourceSize":{"w":166,"h":133}},"Idle_032":{"frame":{"x":501,"y":670,"w":166,"h":133},"rotated":false,"trimmed":false,"spriteSourceSize":{"x":0,"y":0,"w":166,"h":133},"sourceSize":{"w":166,"h":133}},"Idle_033":{"frame":{"x":668,"y":0,"w":166,"h":133},"rotated":false,"trimmed":false,"spriteSourceSize":{"x":0,"y":0,"w":166,"h":133},"sourceSize":{"w":166,"h":133}},"Idle_034":{"frame":{"x":668,"y":134,"w":166,"h":133},"rotated":false,"trimmed":false,"spriteSourceSize":{"x":0,"y":0,"w":166,"h":133},"sourceSize":{"w":166,"h":133}},"Idle_035":{"frame":{"x":668,"y":268,"w":166,"h":133},"rotated":false,"trimmed":false,"spriteSourceSize":{"x":0,"y":0,"w":166,"h":133},"sourceSize":{"w":166,"h":133}},"Idle_036":{"frame":{"x":668,"y":402,"w":166,"h":133},"rotated":false,"trimmed":false,"spriteSourceSize":{"x":0,"y":0,"w":166,"h":133},"sourceSize":{"w":166,"h":133}},"Jump_000":{"frame":{"x":668,"y":536,"w":166,"h":133},"rotated":false,"trimmed":false,"spriteSourceSize":{"x":0,"y":0,"w":166,"h":133},"sourceSize":{"w":166,"h":133}},"Jump_001":{"frame":{"x":668,"y":670,"w":166,"h":133},"rotated":false,"trimmed":false,"spriteSourceSize":{"x":0,"y":0,"w":166,"h":133},"sourceSize":{"w":166,"h":133}},"Jump_002":{"frame":{"x":0,"y":804,"w":166,"h":133},"rotated":false,"trimmed":false,"spriteSourceSize":{"x":0,"y":0,"w":166,"h":133},"sourceSize":{"w":166,"h":133}},"Jump_003":{"frame":{"x":167,"y":804,"w":166,"h":133},"rotated":false,"trimmed":false,"spriteSourceSize":{"x":0,"y":0,"w":166,"h":133},"sourceSize":{"w":166,"h":133}},"Jump_004":{"frame":{"x":334,"y":804,"w":166,"h":133},"rotated":false,"trimmed":false,"spriteSourceSize":{"x":0,"y":0,"w":166,"h":133},"sourceSize":{"w":166,"h":133}},"Jump_005":{"frame":{"x":501,"y":804,"w":166,"h":133},"rotated":false,"trimmed":false,"spriteSourceSize":{"x":0,"y":0,"w":166,"h":133},"sourceSize":{"w":166,"h":133}},"Jump_006":{"frame":{"x":668,"y":804,"w":166,"h":133},"rotated":false,"trimmed":false,"spriteSourceSize":{"x":0,"y":0,"w":166,"h":133},"sourceSize":{"w":166,"h":133}},"Jump_007":{"frame":{"x":835,"y":0,"w":166,"h":133},"rotated":false,"trimmed":false,"spriteSourceSize":{"x":0,"y":0,"w":166,"h":133},"sourceSize":{"w":166,"h":133}},"Jump_008":{"frame":{"x":835,"y":134,"w":166,"h":133},"rotated":false,"trimmed":false,"spriteSourceSize":{"x":0,"y":0,"w":166,"h":133},"sourceSize":{"w":166,"h":133}},"Jump_009":{"frame":{"x":835,"y":268,"w":166,"h":133},"rotated":false,"trimmed":false,"spriteSourceSize":{"x":0,"y":0,"w":166,"h":133},"sourceSize":{"w":166,"h":133}},"Jump_010":{"frame":{"x":835,"y":402,"w":166,"h":133},"rotated":false,"trimmed":false,"spriteSourceSize":{"x":0,"y":0,"w":166,"h":133},"sourceSize":{"w":166,"h":133}},"Jump_011":{"frame":{"x":835,"y":536,"w":166,"h":133},"rotated":false,"trimmed":false,"spriteSourceSize":{"x":0,"y":0,"w":166,"h":133},"sourceSize":{"w":166,"h":133}},"Jump_012":{"frame":{"x":835,"y":670,"w":166,"h":133},"rotated":false,"trimmed":false,"spriteSourceSize":{"x":0,"y":0,"w":166,"h":133},"sourceSize":{"w":166,"h":133}},"Jump_013":{"frame":{"x":835,"y":804,"w":166,"h":133},"rotated":false,"trimmed":false,"spriteSourceSize":{"x":0,"y":0,"w":166,"h":133},"sourceSize":{"w":166,"h":133}},"Jump_014":{"frame":{"x":0,"y":938,"w":166,"h":133},"rotated":false,"trimmed":false,"spriteSourceSize":{"x":0,"y":0,"w":166,"h":133},"sourceSize":{"w":166,"h":133}},"Jump_015":{"frame":{"x":167,"y":938,"w":166,"h":133},"rotated":false,"trimmed":false,"spriteSourceSize":{"x":0,"y":0,"w":166,"h":133},"sourceSize":{"w":166,"h":133}},"Jump_016":{"frame":{"x":334,"y":938,"w":166,"h":133},"rotated":false,"trimmed":false,"spriteSourceSize":{"x":0,"y":0,"w":166,"h":133},"sourceSize":{"w":166,"h":133}},"Jump_017":{"frame":{"x":501,"y":938,"w":166,"h":133},"rotated":false,"trimmed":false,"spriteSourceSize":{"x":0,"y":0,"w":166,"h":133},"sourceSize":{"w":166,"h":133}},"Jump_018":{"frame":{"x":668,"y":938,"w":166,"h":133},"rotated":false,"trimmed":false,"spriteSourceSize":{"x":0,"y":0,"w":166,"h":133},"sourceSize":{"w":166,"h":133}},"Jump_019":{"frame":{"x":835,"y":938,"w":166,"h":133},"rotated":false,"trimmed":false,"spriteSourceSize":{"x":0,"y":0,"w":166,"h":133},"sourceSize":{"w":166,"h":133}},"Jump_020":{"frame":{"x":1002,"y":0,"w":166,"h":133},"rotated":false,"trimmed":false,"spriteSourceSize":{"x":0,"y":0,"w":166,"h":133},"sourceSize":{"w":166,"h":133}},"Jump_021":{"frame":{"x":1002,"y":134,"w":166,"h":133},"rotated":false,"trimmed":false,"spriteSourceSize":{"x":0,"y":0,"w":166,"h":133},"sourceSize":{"w":166,"h":133}},"Jump_022":{"frame":{"x":1002,"y":268,"w":166,"h":133},"rotated":false,"trimmed":false,"spriteSourceSize":{"x":0,"y":0,"w":166,"h":133},"sourceSize":{"w":166,"h":133}},"Jump_023":{"frame":{"x":1002,"y":402,"w":166,"h":133},"rotated":false,"trimmed":false,"spriteSourceSize":{"x":0,"y":0,"w":166,"h":133},"sourceSize":{"w":166,"h":133}},"Jump_024":{"frame":{"x":1002,"y":536,"w":166,"h":133},"rotated":false,"trimmed":false,"spriteSourceSize":{"x":0,"y":0,"w":166,"h":133},"sourceSize":{"w":166,"h":133}},"Jump_025":{"frame":{"x":1002,"y":670,"w":166,"h":133},"rotated":false,"trimmed":false,"spriteSourceSize":{"x":0,"y":0,"w":166,"h":133},"sourceSize":{"w":166,"h":133}},"Jump_026":{"frame":{"x":1002,"y":804,"w":166,"h":133},"rotated":false,"trimmed":false,"spriteSourceSize":{"x":0,"y":0,"w":166,"h":133},"sourceSize":{"w":166,"h":133}},"Jump_027":{"frame":{"x":1002,"y":938,"w":166,"h":133},"rotated":false,"trimmed":false,"spriteSourceSize":{"x":0,"y":0,"w":166,"h":133},"sourceSize":{"w":166,"h":133}},"Jump_028":{"frame":{"x":0,"y":1072,"w":166,"h":133},"rotated":false,"trimmed":false,"spriteSourceSize":{"x":0,"y":0,"w":166,"h":133},"sourceSize":{"w":166,"h":133}},"Jump_029":{"frame":{"x":167,"y":1072,"w":166,"h":133},"rotated":false,"trimmed":false,"spriteSourceSize":{"x":0,"y":0,"w":166,"h":133},"sourceSize":{"w":166,"h":133}},"Jump_030":{"frame":{"x":334,"y":1072,"w":166,"h":133},"rotated":false,"trimmed":false,"spriteSourceSize":{"x":0,"y":0,"w":166,"h":133},"sourceSize":{"w":166,"h":133}},"Jump_031":{"frame":{"x":501,"y":1072,"w":166,"h":133},"rotated":false,"trimmed":false,"spriteSourceSize":{"x":0,"y":0,"w":166,"h":133},"sourceSize":{"w":166,"h":133}},"Jump_032":{"frame":{"x":668,"y":1072,"w":166,"h":133},"rotated":false,"trimmed":false,"spriteSourceSize":{"x":0,"y":0,"w":166,"h":133},"sourceSize":{"w":166,"h":133}},"Jump_033":{"frame":{"x":835,"y":1072,"w":166,"h":133},"rotated":false,"trimmed":false,"spriteSourceSize":{"x":0,"y":0,"w":166,"h":133},"sourceSize":{"w":166,"h":133}},"Jump_034":{"frame":{"x":1002,"y":1072,"w":166,"h":133},"rotated":false,"trimmed":false,"spriteSourceSize":{"x":0,"y":0,"w":166,"h":133},"sourceSize":{"w":166,"h":133}},"Jump_035":{"frame":{"x":1169,"y":0,"w":166,"h":133},"rotated":false,"trimmed":false,"spriteSourceSize":{"x":0,"y":0,"w":166,"h":133},"sourceSize":{"w":166,"h":133}},"Jump_036":{"frame":{"x":1169,"y":134,"w":166,"h":133},"rotated":false,"trimmed":false,"spriteSourceSize":{"x":0,"y":0,"w":166,"h":133},"sourceSize":{"w":166,"h":133}},"Run_000":{"frame":{"x":1169,"y":268,"w":166,"h":133},"rotated":false,"trimmed":false,"spriteSourceSize":{"x":0,"y":0,"w":166,"h":133},"sourceSize":{"w":166,"h":133}},"Run_001":{"frame":{"x":1169,"y":402,"w":166,"h":133},"rotated":false,"trimmed":false,"spriteSourceSize":{"x":0,"y":0,"w":166,"h":133},"sourceSize":{"w":166,"h":133}},"Run_002":{"frame":{"x":1169,"y":536,"w":166,"h":133},"rotated":false,"trimmed":false,"spriteSourceSize":{"x":0,"y":0,"w":166,"h":133},"sourceSize":{"w":166,"h":133}},"Run_003":{"frame":{"x":1169,"y":670,"w":166,"h":133},"rotated":false,"trimmed":false,"spriteSourceSize":{"x":0,"y":0,"w":166,"h":133},"sourceSize":{"w":166,"h":133}},"Run_004":{"frame":{"x":1169,"y":804,"w":166,"h":133},"rotated":false,"trimmed":false,"spriteSourceSize":{"x":0,"y":0,"w":166,"h":133},"sourceSize":{"w":166,"h":133}},"Run_005":{"frame":{"x":1169,"y":938,"w":166,"h":133},"rotated":false,"trimmed":false,"spriteSourceSize":{"x":0,"y":0,"w":166,"h":133},"sourceSize":{"w":166,"h":133}},"Run_006":{"frame":{"x":1169,"y":1072,"w":166,"h":133},"rotated":false,"trimmed":false,"spriteSourceSize":{"x":0,"y":0,"w":166,"h":133},"sourceSize":{"w":166,"h":133}},"Run_007":{"frame":{"x":0,"y":1206,"w":166,"h":133},"rotated":false,"trimmed":false,"spriteSourceSize":{"x":0,"y":0,"w":166,"h":133},"sourceSize":{"w":166,"h":133}},"Run_008":{"frame":{"x":167,"y":1206,"w":166,"h":133},"rotated":false,"trimmed":false,"spriteSourceSize":{"x":0,"y":0,"w":166,"h":133},"sourceSize":{"w":166,"h":133}},"Run_009":{"frame":{"x":334,"y":1206,"w":166,"h":133},"rotated":false,"trimmed":false,"spriteSourceSize":{"x":0,"y":0,"w":166,"h":133},"sourceSize":{"w":166,"h":133}},"Run_010":{"frame":{"x":501,"y":1206,"w":166,"h":133},"rotated":false,"trimmed":false,"spriteSourceSize":{"x":0,"y":0,"w":166,"h":133},"sourceSize":{"w":166,"h":133}},"Run_011":{"frame":{"x":668,"y":1206,"w":166,"h":133},"rotated":false,"trimmed":false,"spriteSourceSize":{"x":0,"y":0,"w":166,"h":133},"sourceSize":{"w":166,"h":133}},"Run_012":{"frame":{"x":835,"y":1206,"w":166,"h":133},"rotated":false,"trimmed":false,"spriteSourceSize":{"x":0,"y":0,"w":166,"h":133},"sourceSize":{"w":166,"h":133}},"Run_013":{"frame":{"x":1002,"y":1206,"w":166,"h":133},"rotated":false,"trimmed":false,"spriteSourceSize":{"x":0,"y":0,"w":166,"h":133},"sourceSize":{"w":166,"h":133}},"Run_014":{"frame":{"x":1169,"y":1206,"w":166,"h":133},"rotated":false,"trimmed":false,"spriteSourceSize":{"x":0,"y":0,"w":166,"h":133},"sourceSize":{"w":166,"h":133}},"Run_015":{"frame":{"x":0,"y":1340,"w":166,"h":133},"rotated":false,"trimmed":false,"spriteSourceSize":{"x":0,"y":0,"w":166,"h":133},"sourceSize":{"w":166,"h":133}},"Run_016":{"frame":{"x":167,"y":1340,"w":166,"h":133},"rotated":false,"trimmed":false,"spriteSourceSize":{"x":0,"y":0,"w":166,"h":133},"sourceSize":{"w":166,"h":133}},"Run_017":{"frame":{"x":334,"y":1340,"w":166,"h":133},"rotated":false,"trimmed":false,"spriteSourceSize":{"x":0,"y":0,"w":166,"h":133},"sourceSize":{"w":166,"h":133}},"Run_018":{"frame":{"x":501,"y":1340,"w":166,"h":133},"rotated":false,"trimmed":false,"spriteSourceSize":{"x":0,"y":0,"w":166,"h":133},"sourceSize":{"w":166,"h":133}},"Run_019":{"frame":{"x":668,"y":1340,"w":166,"h":133},"rotated":false,"trimmed":false,"spriteSourceSize":{"x":0,"y":0,"w":166,"h":133},"sourceSize":{"w":166,"h":133}},"Run_020":{"frame":{"x":835,"y":1340,"w":166,"h":133},"rotated":false,"trimmed":false,"spriteSourceSize":{"x":0,"y":0,"w":166,"h":133},"sourceSize":{"w":166,"h":133}},"Run_021":{"frame":{"x":1002,"y":1340,"w":166,"h":133},"rotated":false,"trimmed":false,"spriteSourceSize":{"x":0,"y":0,"w":166,"h":133},"sourceSize":{"w":166,"h":133}},"Run_022":{"frame":{"x":1169,"y":1340,"w":166,"h":133},"rotated":false,"trimmed":false,"spriteSourceSize":{"x":0,"y":0,"w":166,"h":133},"sourceSize":{"w":166,"h":133}},"Run_023":{"frame":{"x":1336,"y":0,"w":166,"h":133},"rotated":false,"trimmed":false,"spriteSourceSize":{"x":0,"y":0,"w":166,"h":133},"sourceSize":{"w":166,"h":133}},"Run_024":{"frame":{"x":1336,"y":134,"w":166,"h":133},"rotated":false,"trimmed":false,"spriteSourceSize":{"x":0,"y":0,"w":166,"h":133},"sourceSize":{"w":166,"h":133}},"Run_025":{"frame":{"x":1336,"y":268,"w":166,"h":133},"rotated":false,"trimmed":false,"spriteSourceSize":{"x":0,"y":0,"w":166,"h":133},"sourceSize":{"w":166,"h":133}},"Run_026":{"frame":{"x":1336,"y":402,"w":166,"h":133},"rotated":false,"trimmed":false,"spriteSourceSize":{"x":0,"y":0,"w":166,"h":133},"sourceSize":{"w":166,"h":133}},"Run_027":{"frame":{"x":1336,"y":536,"w":166,"h":133},"rotated":false,"trimmed":false,"spriteSourceSize":{"x":0,"y":0,"w":166,"h":133},"sourceSize":{"w":166,"h":133}},"Run_028":{"frame":{"x":1336,"y":670,"w":166,"h":133},"rotated":false,"trimmed":false,"spriteSourceSize":{"x":0,"y":0,"w":166,"h":133},"sourceSize":{"w":166,"h":133}},"Run_029":{"frame":{"x":1336,"y":804,"w":166,"h":133},"rotated":false,"trimmed":false,"spriteSourceSize":{"x":0,"y":0,"w":166,"h":133},"sourceSize":{"w":166,"h":133}},"Run_030":{"frame":{"x":1336,"y":938,"w":166,"h":133},"rotated":false,"trimmed":false,"spriteSourceSize":{"x":0,"y":0,"w":166,"h":133},"sourceSize":{"w":166,"h":133}},"Ded":{"frame":{"x":1503,"y":381,"w":99,"h":199},"rotated":false,"trimmed":false,"spriteSourceSize":{"x":0,"y":0,"w":99,"h":199},"sourceSize":{"w":99,"h":199}},"Fear_000":{"frame":{"x":1002,"y":1474,"w":144,"h":126},"rotated":false,"trimmed":false,"spriteSourceSize":{"x":0,"y":0,"w":144,"h":126},"sourceSize":{"w":144,"h":126}},"Fear_001":{"frame":{"x":1147,"y":1474,"w":144,"h":126},"rotated":false,"trimmed":false,"spriteSourceSize":{"x":0,"y":0,"w":144,"h":126},"sourceSize":{"w":144,"h":126}},"Fear_002":{"frame":{"x":1292,"y":1474,"w":144,"h":126},"rotated":false,"trimmed":false,"spriteSourceSize":{"x":0,"y":0,"w":144,"h":126},"sourceSize":{"w":144,"h":126}},"Fear_003":{"frame":{"x":1503,"y":0,"w":144,"h":126},"rotated":false,"trimmed":false,"spriteSourceSize":{"x":0,"y":0,"w":144,"h":126},"sourceSize":{"w":144,"h":126}},"Fear_004":{"frame":{"x":1503,"y":127,"w":144,"h":126},"rotated":false,"trimmed":false,"spriteSourceSize":{"x":0,"y":0,"w":144,"h":126},"sourceSize":{"w":144,"h":126}},"Fear_005":{"frame":{"x":1503,"y":254,"w":144,"h":126},"rotated":false,"trimmed":false,"spriteSourceSize":{"x":0,"y":0,"w":144,"h":126},"sourceSize":{"w":144,"h":126}},"Idle_000":{"frame":{"x":1336,"y":1072,"w":166,"h":133},"rotated":false,"trimmed":false,"spriteSourceSize":{"x":0,"y":0,"w":166,"h":133},"sourceSize":{"w":166,"h":133}},"Idle_001":{"frame":{"x":1336,"y":1206,"w":166,"h":133},"rotated":false,"trimmed":false,"spriteSourceSize":{"x":0,"y":0,"w":166,"h":133},"sourceSize":{"w":166,"h":133}},"Idle_002":{"frame":{"x":1336,"y":1340,"w":166,"h":133},"rotated":false,"trimmed":false,"spriteSourceSize":{"x":0,"y":0,"w":166,"h":133},"sourceSize":{"w":166,"h":133}},"Idle_003":{"frame":{"x":0,"y":1474,"w":166,"h":133},"rotated":false,"trimmed":false,"spriteSourceSize":{"x":0,"y":0,"w":166,"h":133},"sourceSize":{"w":166,"h":133}},"Idle_004":{"frame":{"x":167,"y":1474,"w":166,"h":133},"rotated":false,"trimmed":false,"spriteSourceSize":{"x":0,"y":0,"w":166,"h":133},"sourceSize":{"w":166,"h":133}},"Idle_005":{"frame":{"x":334,"y":1474,"w":166,"h":133},"rotated":false,"trimmed":false,"spriteSourceSize":{"x":0,"y":0,"w":166,"h":133},"sourceSize":{"w":166,"h":133}},"Idle_006":{"frame":{"x":501,"y":1474,"w":166,"h":133},"rotated":false,"trimmed":false,"spriteSourceSize":{"x":0,"y":0,"w":166,"h":133},"sourceSize":{"w":166,"h":133}},"Idle_007":{"frame":{"x":668,"y":1474,"w":166,"h":133},"rotated":false,"trimmed":false,"spriteSourceSize":{"x":0,"y":0,"w":166,"h":133},"sourceSize":{"w":166,"h":133}},"Idle_008":{"frame":{"x":835,"y":1474,"w":166,"h":133},"rotated":false,"trimmed":false,"spriteSourceSize":{"x":0,"y":0,"w":166,"h":133},"sourceSize":{"w":166,"h":133}}},"meta":{"app":"https://www.leshylabs.com/apps/sstool/","version":"Leshy SpriteSheet Tool v0.8.4","image":"spritesheet.png","size":{"w":1647,"h":1607},"scale":1}}